{
  "start_ts": 1767774158.024408,
  "posted_files": {
    "PROMPTS.md": 1767774158.024408
  }
}